# Action class	Tabler outline icon (icons/tabler/<name>.svg)
PlayCommand	player-play
PauseCommand	player-pause
StepCommand	player-track-next
FrameSelectedCommand	focus-centered
LockViewCommand	lock
MaximizeViewCommand	maximize
Toggle2DCommand	badge-3d
ShadedCommand	sphere
WireframeCommand	cube
ShadedWireframeCommand	box-model
UnlitCommand	sun-off
VertexSnapCommand	magnet
ToggleOverlaysCommand	layout-board
IsolateCommand	focus
ToggleVisibilityCommand	eye
TogglePickingCommand	hand-finger
ToggleGridSnapCommand	grid-dots
PushToGridCommand	grid-pattern
IncreaseGridCommand	zoom-in
DecreaseGridCommand	zoom-out
CreateEmptyCommand	square-plus
CreateEmptyChildCommand	subtask
CreateEmptyParentCommand	hierarchy-2
ToggleActiveCommand	toggle-right
DuplicateCommand	copy-plus
DeleteCommand	trash
MoveToViewCommand	focus-2
AlignWithViewCommand	camera
AddComponentCommand	puzzle
FirstSiblingCommand	arrow-bar-to-up
LastSiblingCommand	arrow-bar-to-down
SelectAllCommand	select-all
DeselectAllCommand	deselect
InvertSelectionCommand	arrows-exchange
SelectChildrenCommand	list-tree
SelectPrefabRootCommand	packages
PreviousSelectionCommand	arrow-back-up-double
NextSelectionCommand	arrow-forward-up-double
HandToolCommand	hand-grab
MoveToolCommand	arrows-move
RotateToolCommand	rotate-3d
ScaleToolCommand	arrows-diagonal
RectToolCommand	vector
TransformToolCommand	gizmo
PivotPositionCommand	anchor
PivotOrientationCommand	world
SceneWindowCommand	cube-3d-sphere
GameWindowCommand	device-gamepad-2
InspectorWindowCommand	adjustments
HierarchyWindowCommand	sitemap
ProjectWindowCommand	folder
ConsoleWindowCommand	terminal-2
AnimationWindowCommand	movie
ProfilerWindowCommand	chart-line
AudioMixerWindowCommand	adjustments-horizontal
LightingWindowCommand	bulb
PackageManagerWindowCommand	package
UndoHistoryWindowCommand	history
UndoCommand	arrow-back-up
RedoCommand	arrow-forward-up
CutCommand	cut
CopyCommand	copy
PasteCommand	clipboard
PasteAsChildCommand	clipboard-plus
SaveCommand	device-floppy
RefreshCommand	refresh
SearchCommand	search
FindCommand	zoom-scan
NewSceneCommand	file-plus
OpenSceneCommand	folder-open
BuildProfilesCommand	building-factory-2
BuildAndRunCommand	rocket
GenerateLightingCommand	sun
ProfilerRecordCommand	player-record
AnimationPlayCommand	video
PreviousFrameCommand	chevron-left
NextFrameCommand	chevron-right
PreviousKeyframeCommand	chevrons-left
NextKeyframeCommand	chevrons-right
FirstKeyframeCommand	arrow-bar-left
LastKeyframeCommand	arrow-bar-right
KeySelectedCommand	key
KeyModifiedCommand	diamonds
UndoRedoAdjustment	history-toggle
ToolCycleAdjustment	tools
AnimationFrameAdjustment	timeline
AnimationKeyframeAdjustment	timeline-event
SelectionHistoryAdjustment	arrows-left-right
GridSizeAdjustment	grid-scan
NavigateAdjustment	arrows-up-down
FrameStepAdjustment	clock-play
CompileStatusCommand	file-code
ConsoleErrorsCommand	bug
ScenesFolder	map
ProjectToolsFolder	tool
TestVibrationCommand	device-mobile-vibration
TimeScaleQuarterCommand	gauge
TimeScaleNormalCommand	gauge
TimeScaleDoubleCommand	gauge
TimeScaleSlowerCommand	clock-down
TimeScaleFasterCommand	clock-up
TimeScaleAdjustment	gauge
RunEditModeTestsCommand	test-pipe
RunPlayModeTestsCommand	test-pipe-2
RunMenuItemCommand	list-search
LayoutsFolder	layout-dashboard
CameraBookmarksFolder	bookmarks
RecentAssetsFolder	history
FavoritesFolder	star
